Date,Confirmed,Deaths,Active
2020-01-22,1,1,0
2020-01-23,1,1,0
2020-01-24,2,1,1
2020-01-25,2,1,1
2020-01-26,5,1,4
2020-01-27,5,1,4
2020-01-28,5,1,4
2020-01-29,6,1,5
2020-01-30,6,1,5
2020-01-31,8,1,7
2020-02-01,8,1,7
2020-02-02,8,1,7
2020-02-03,11,1,10
2020-02-04,11,1,10
2020-02-05,11,1,10
2020-02-06,12,1,11
2020-02-07,12,1,11
2020-02-08,12,1,11
2020-02-09,12,1,11
2020-02-10,12,1,11
2020-02-11,13,1,12
2020-02-12,13,1,12
2020-02-13,14,1,13
2020-02-14,14,1,13
2020-02-15,14,1,13
2020-02-16,14,1,13
2020-02-17,15,1,14
2020-02-18,16,1,15
2020-02-19,16,1,15
2020-02-20,16,1,15
2020-02-21,16,1,15
2020-02-22,16,1,15
2020-02-23,16,1,15
2020-02-24,17,1,16
2020-02-25,18,1,17
2020-02-26,19,1,18
2020-02-27,19,1,18
2020-02-28,19,1,18
2020-02-29,26,2,24
2020-03-01,39,2,37
2020-03-02,57,7,50
2020-03-03,79,8,71
2020-03-04,113,12,101
2020-03-05,184,13,171
2020-03-06,247,15,232
2020-03-07,417,18,399
2020-03-08,538,22,516
2020-03-09,630,24,606
2020-03-10,797,29,768
2020-03-11,1156,34,1122
2020-03-12,1596,45,1551
2020-03-13,2222,52,2170
2020-03-14,2952,61,2891
2020-03-15,3234,72,3162
2020-03-16,4667,97,4570
2020-03-17,6450,133,6317
2020-03-18,9156,198,8958
2020-03-19,13663,273,13390
2020-03-20,20064,378,19686
2020-03-21,26056,482,25574
2020-03-22,34944,603,34341
2020-03-23,46096,790,45306
2020-03-24,56714,1033,55681
2020-03-25,68841,1366,67475
2020-03-26,86662,1783,84879
2020-03-27,105253,2305,102948
2020-03-28,127417,3018,124399
2020-03-29,143544,3573,139971
2020-03-30,165698,4280,161418
2020-03-31,192079,5359,186720
2020-04-01,227543,6989,220554
2020-04-02,259798,8535,251263
2020-04-03,292201,9971,282230
2020-04-04,323965,11590,312375
2020-04-05,353117,13227,339890
2020-04-06,385110,14989,370121
2020-04-07,415256,17595,397661
2020-04-08,446500,19747,426753
2020-04-09,481981,22003,459978
2020-04-10,516396,24160,492236
2020-04-11,545313,26295,519018
2020-04-12,571551,28203,543348
2020-04-13,598789,30204,568585
2020-04-14,627306,32685,594621
2020-04-15,653345,35284,618061
2020-04-16,682962,37479,645483
2020-04-17,716152,39583,676569
2020-04-18,743464,41521,701943
2020-04-19,768888,43510,725378
2020-04-20,799149,45768,753381
2020-04-21,825478,48245,777233
2020-04-22,855445,50711,804734
2020-04-23,887523,53138,834385
2020-04-24,919014,55201,863813
2020-04-25,949640,56939,892701
2020-04-26,975537,58354,917183
2020-04-27,1000230,59840,940390
2020-04-28,1024834,62072,962762
2020-04-29,1051643,64446,987197
2020-04-30,1081150,66636,1014514
2020-05-01,1115972,68516,1047456
2020-05-02,1142619,70289,1072330
2020-05-03,1166189,71492,1094697
2020-05-04,1190240,72862,1117378
2020-05-05,1214321,75041,1139280
2020-05-06,1238694,77359,1161335
2020-05-07,1266904,79262,1187642
2020-05-08,1294111,81031,1213080
2020-05-09,1318358,82502,1235856
2020-05-10,1337061,83503,1253558
2020-05-11,1356283,84529,1271754
2020-05-12,1379661,86119,1293542
2020-05-13,1399662,87814,1311848
2020-05-14,1425539,89579,1335960
2020-05-15,1449938,91205,1358733
2020-05-16,1473806,92374,1381432
2020-05-17,1492449,93190,1399259
2020-05-18,1514833,94412,1420421
2020-05-19,1535591,95840,1439751
2020-05-20,1558430,97309,1461121
2020-05-21,1583542,98491,1485051
2020-05-22,1607464,99695,1507769
2020-05-23,1627392,100773,1526619
2020-05-24,1647513,101410,1546103
2020-05-25,1666699,102010,1564689
2020-05-26,1685395,102663,1582732
2020-05-27,1704200,104115,1600085
2020-05-28,1725329,105180,1620149
2020-05-29,1750066,106289,1643777
2020-05-30,1772783,107236,1665547
2020-05-31,1791547,107857,1683690
2020-06-01,1809384,108624,1700760
2020-06-02,1829340,109603,1719737
2020-06-03,1848388,110603,1737785
2020-06-04,1876099,111601,1764498
2020-06-05,1902280,112470,1789810
2020-06-06,1922433,113108,1809325
2020-06-07,1940242,113568,1826674
2020-06-08,1957154,114070,1843084
2020-06-09,1977478,114979,1862499
2020-06-10,1999224,115836,1883388
2020-06-11,2021527,116643,1904884
2020-06-12,2047082,117466,1929616
2020-06-13,2071218,118174,1953044
2020-06-14,2090171,118522,1971649
2020-06-15,2111266,118920,1992346
2020-06-16,2135894,119695,2016199
2020-06-17,2162973,120436,2042537
2020-06-18,2191211,121133,2070078
2020-06-19,2222207,121760,2100447
2020-06-20,2254073,122323,2131750
2020-06-21,2279932,122642,2157290
2020-06-22,2309921,123021,2186900
2020-06-23,2348750,123751,2224999
2020-06-24,2385029,124506,2260523
2020-06-25,2424386,125058,2299328
2020-06-26,2473472,125688,2347784
2020-06-27,2514305,126188,2388117
2020-06-28,2557223,126512,2430711
2020-06-29,2598741,126881,2471860
2020-06-30,2648797,127432,2521365
2020-07-01,2698127,128134,2569993
2020-07-02,2753211,128883,2624328
2020-07-03,2804869,129561,2675308
2020-07-04,2850893,129872,2721021
2020-07-05,2904843,130201,2774642
2020-07-06,2948475,130582,2817893
2020-07-07,3005888,131723,2874165
2020-07-08,3066392,132562,2933830
2020-07-09,3126225,133601,2992624
2020-07-10,3194747,134407,3060340
2020-07-11,3255188,135167,3120021
2020-07-12,3315408,135640,3179768
2020-07-13,3375033,136084,3238949
2020-07-14,3440790,136988,3303802
2020-07-15,3507089,137942,3369147
2020-07-16,3577863,138921,3438942
2020-07-17,3644285,139844,3504441
2020-07-18,3708610,140733,3567877
2020-07-19,3767603,141215,3626388
2020-07-20,3828459,141750,3686709
2020-07-21,3896754,142845,3753909
2020-07-22,3964204,144066,3820138
2020-07-23,4031971,145139,3886832
2020-07-24,4106920,146232,3960688
2020-07-25,4170675,147196,4023479
2020-07-26,4226306,147744,4078562
2020-07-27,4286303,148848,4137455
2020-07-28,4350867,150063,4200804
2020-07-29,4414919,151495,4263424
2020-07-30,4484123,152808,4331315
2020-07-31,4548498,153969,4394529
2020-08-01,4605922,155090,4450832
2020-08-02,4652811,155566,4497245
2020-08-03,4694707,156127,4538580
2020-08-04,4756328,157375,4598953
2020-08-05,4810465,158790,4651675
2020-08-06,4870501,159971,4710530
2020-08-07,4930942,161266,4769676
2020-08-08,4994709,162356,4832353
2020-08-09,5048872,162937,4885935
2020-08-10,5100509,163465,4937044
2020-08-11,5157385,164545,4992840
2020-08-12,5212607,166049,5046558
2020-08-13,5264053,167077,5096976
2020-08-14,5334125,168380,5165745
2020-08-15,5386450,169423,5217027
2020-08-16,5421027,170034,5250993
2020-08-17,5459024,170513,5288511
2020-08-18,5503999,171742,5332257
2020-08-19,5549914,172421,5377493
2020-08-20,5595049,173519,5421530
2020-08-21,5642949,174616,5468333
2020-08-22,5688220,175578,5512642
2020-08-23,5720123,176080,5544043
2020-08-24,5754214,176511,5577703
2020-08-25,5796776,177729,5619047
2020-08-26,5838968,178882,5660086
2020-08-27,5889405,179990,5709415
2020-08-28,5935725,180906,5754819
2020-08-29,5978796,181869,5796927
2020-08-30,6012964,182309,5830655
2020-08-31,6046490,182794,5863696
2020-09-01,6088459,183855,5904604
2020-09-02,6128577,184927,5943650
2020-09-03,6173788,185950,5987838
2020-09-04,6222447,186900,6035547
2020-09-05,6265685,187691,6077994
2020-09-06,6294763,188129,6106634
2020-09-07,6319465,188452,6131013
2020-09-08,6346568,188921,6157647
2020-09-09,6380419,190021,6190398
2020-09-10,6420041,190930,6229111
2020-09-11,6464866,192072,6272794
2020-09-12,6510481,192810,6317671
2020-09-13,6550789,193202,6357587
2020-09-14,6583690,193626,6390064
2020-09-15,6621129,194811,6426318
2020-09-16,6659478,195741,6463737
2020-09-17,6704919,196587,6508332
2020-09-18,6755146,197542,6557604
2020-09-19,6800801,198207,6602594
2020-09-20,6842406,198474,6643932
2020-09-21,6874666,198885,6675781
2020-09-22,6912974,199907,6713067
2020-09-23,6954204,200959,6753245
2020-09-24,7003201,201845,6801356
2020-09-25,7050827,202758,6848069
2020-09-26,7094717,203521,6891196
2020-09-27,7128424,203825,6924599
2020-09-28,7164995,204159,6960836
2020-09-29,7207285,205052,7002233
2020-09-30,7246201,205957,7040244
2020-10-01,7292563,206852,7085711
2020-10-02,7346110,207741,7138369
2020-10-03,7395490,208413,7187077
2020-10-04,7428860,208783,7220077
2020-10-05,7466807,209258,7257549
2020-10-06,7511828,209945,7301883
2020-10-07,7561295,210847,7350448
2020-10-08,7619508,211823,7407685
2020-10-09,7674839,212786,7462053
2020-10-10,7730093,213434,7516659
2020-10-11,7776973,213897,7563076
2020-10-12,7819928,214290,7605638
2020-10-13,7870524,215022,7655502
2020-10-14,7929695,216010,7713685
2020-10-15,7993557,216849,7776708
2020-10-16,8063867,217772,7846095
2020-10-17,8118717,218561,7900156
2020-10-18,8171011,219042,7951969
2020-10-19,8239748,219552,8020196
2020-10-20,8302319,220500,8081819
2020-10-21,8363744,221662,8142082
2020-10-22,8443960,222519,8221441
2020-10-23,8526092,223473,8302619
2020-10-24,8604191,224444,8379747
2020-10-25,8664568,224897,8439671
2020-10-26,8729038,225456,8503582
2020-10-27,8808015,226476,8581539
2020-10-28,8896403,227516,8668887
2020-10-29,8989082,228510,8760572
2020-10-30,9089581,229582,8859999
2020-10-31,9176353,230520,8945833
2020-11-01,9254491,231029,9023462
2020-11-02,9338429,231752,9106677
2020-11-03,9465331,233376,9231955
2020-11-04,9567400,234488,9332912
2020-11-05,9697432,235671,9461761
2020-11-06,9826559,236885,9589674
2020-11-07,9953781,238011,9715770
2020-11-08,10073149,238587,9834562
2020-11-09,10192674,239390,9953284
2020-11-10,10331958,240824,10091134
2020-11-11,10481517,242287,10239230
2020-11-12,10641054,243525,10397529
2020-11-13,10819815,244749,10575066
2020-11-14,10982695,246120,10736575
2020-11-15,11121209,246908,10874301
2020-11-16,11276946,247782,11029164
2020-11-17,11444298,249523,11194775
2020-11-18,11617714,251456,11366258
2020-11-19,11809681,253468,11556213
2020-11-20,12010766,255439,11755327
2020-11-21,12188370,257072,11931298
2020-11-22,12333605,258148,12075457
2020-11-23,12517891,259286,12258605
2020-11-24,12692859,261462,12431397
2020-11-25,12874110,263717,12610393
2020-11-26,12987021,265117,12721904
2020-11-27,13202223,266737,12935486
2020-11-28,13369712,268148,13101564
2020-11-29,13509385,269192,13240193
2020-11-30,13667916,270569,13397347
2020-12-01,13866747,273099,13593648
2020-12-02,14063763,275940,13787823
2020-12-03,14283186,278845,14004341
2020-12-04,14518320,281505,14236815
2020-12-05,14738243,283901,14454342
2020-12-06,14916374,285323,14631051
2020-12-07,15112615,286953,14825662
2020-12-08,15340114,289554,15050560
2020-12-09,15555849,292486,15263363
2020-12-10,15791626,295398,15496228
2020-12-11,16028528,298729,15729799
2020-12-12,16251284,301236,15950048
2020-12-13,16441926,302831,16139095
2020-12-14,16652287,304528,16347759
2020-12-15,16879508,307426,16572082
2020-12-16,17113651,311092,16802559
2020-12-17,17352825,314505,17038320
2020-12-18,17599265,317433,17281832
2020-12-19,17804290,320170,17484120
2020-12-20,17990459,321869,17668590
2020-12-21,18187884,323695,17864189
2020-12-22,18393674,327023,18066651
2020-12-23,18614461,330326,18284135
2020-12-24,18826056,333187,18492869
2020-12-25,18951580,334690,18616890
2020-12-26,19169548,336601,18832947
2020-12-27,19305731,338036,18967695
2020-12-28,19480364,339936,19140428
2020-12-29,19687206,343506,19343700
2020-12-30,19905955,347356,19558599
2020-12-31,20219881,350604,19869277
2021-01-01,20397401,352813,20044588
2021-01-02,20670025,355409,20314616
2021-01-03,20873238,356837,20516401
2021-01-04,21059971,358853,20701118
2021-01-05,21292113,362429,20929684
2021-01-06,21551828,366299,21185529
2021-01-07,21836891,370292,21466599
2021-01-08,22139751,374520,21765231
2021-01-09,22403255,377651,22025604
2021-01-10,22613201,379743,22233458
2021-01-11,22817703,381594,22436109
2021-01-12,23040119,385969,22654150
2021-01-13,23268794,389937,22878857
2021-01-14,23503718,393717,23110001
2021-01-15,23748054,397530,23350524
2021-01-16,23965036,401080,23563956
2021-01-17,24141201,403064,23738137
2021-01-18,24282485,404650,23877835
2021-01-19,24439499,407052,24032447
2021-01-20,24627167,411426,24215741
2021-01-21,24819194,415520,24403674
2021-01-22,25010550,419286,24591264
2021-01-23,25187889,422809,24765080
2021-01-24,25327684,424638,24903046
2021-01-25,25457657,426420,25031237
2021-01-26,25608950,430402,25178548
2021-01-27,25764115,434458,25329657
2021-01-28,25930830,438259,25492571
2021-01-29,26094129,441812,25652317
2021-01-30,26244538,444670,25799868
2021-01-31,26357109,446602,25910507
2021-02-01,26482921,448381,26034540
2021-02-02,26600311,451922,26148389
2021-02-03,26724686,455778,26268908
2021-02-04,26849339,459659,26389680
2021-02-05,26979746,463316,26516430
2021-02-06,27096026,466041,26629985
2021-02-07,27185195,467504,26717691
2021-02-08,27268357,468953,26799404
2021-02-09,27364115,471978,26892137
2021-02-10,27459810,475337,26984473
2021-02-11,27565962,478492,27087470
2021-02-12,27665521,481325,27184196
2021-02-13,27755869,483578,27272291
2021-02-14,27824059,484729,27339330
2021-02-15,27880163,485675,27394488
2021-02-16,27940001,487323,27452678
2021-02-17,28009006,489731,27519275
2021-02-18,28081256,492289,27588967
2021-02-19,28156130,494810,27661320
2021-02-20,28229711,496711,27733000
2021-02-21,28284964,497922,27787042
2021-02-22,28341020,499127,27841893
2021-02-23,28414850,501384,27913466
2021-02-24,28489831,504596,27985235
2021-02-25,28566891,507105,28059786
2021-02-26,28641814,509227,28132587
2021-02-27,28712644,510739,28201905
2021-02-28,28764300,511827,28252473
2021-03-01,28814422,513045,28301377
2021-03-02,28873099,514966,28358133
2021-03-03,28940167,517486,28422681
2021-03-04,29008608,519407,28489201
2021-03-05,29075790,521126,28554664
2021-03-06,29136553,522634,28613919
2021-03-07,29178097,523337,28654760
2021-03-08,29222845,524059,28698786
2021-03-09,29278676,525818,28752858
2021-03-10,29336396,527355,28809041
2021-03-11,29398151,528896,28869255
2021-03-12,29460425,530323,28930102
2021-03-13,29516683,531333,28985350
2021-03-14,29555249,531866,29023383
2021-03-15,29606786,532570,29074216
2021-03-16,29661865,533813,29128052
2021-03-17,29721744,535007,29186737
2021-03-18,29783947,536639,29247308
2021-03-19,29844857,537659,29307198
2021-03-20,29903124,538385,29364739
2021-03-21,29938536,539089,29399447
2021-03-22,29986973,539642,29447331
2021-03-23,30039699,540557,29499142
2021-03-24,30127524,542011,29585513
2021-03-25,30194913,543355,29651558
2021-03-26,30271057,544507,29726550
2021-03-27,30334849,545311,29789538
2021-03-28,30381221,545753,29835468
2021-03-29,30447864,546387,29901477
2021-03-30,30510086,547275,29962811
2021-03-31,30579488,548349,30031139
2021-04-01,30656333,549448,30106885
2021-04-02,30730197,550345,30179852
2021-04-03,30794706,551100,30243606
2021-04-04,30832573,551412,30281161
2021-04-05,30900797,551878,30348919
2021-04-06,30964192,552706,30411486
2021-04-07,31039931,555304,30484627
2021-04-08,31119775,556312,30563463
2021-04-09,31204187,557214,30646973
2021-04-10,31274551,557972,30716579
2021-04-11,31321882,558265,30763617
2021-04-12,31385084,558720,30826364
2021-04-13,31465797,559582,30906215
2021-04-14,31540759,560515,30980244
2021-04-15,31614987,561420,31053567
2021-04-16,31697735,562291,31135444
2021-04-17,31753119,563002,31190117
2021-04-18,31796942,563355,31233587
2021-04-19,31856777,563851,31292926
2021-04-20,31919206,564688,31354518
2021-04-21,31983896,565584,31418312
2021-04-22,32050109,566523,31483586
2021-04-23,32112759,567287,31545472
2021-04-24,32167066,568037,31599029
2021-04-25,32201474,568346,31633128
2021-04-26,32244762,568824,31675938
2021-04-27,32296819,569490,31727329
2021-04-28,32352653,570473,31782180
2021-04-29,32410332,571356,31838976
2021-04-30,32468058,572156,31895902
2021-05-01,32516229,572904,31943325
2021-05-02,32546825,573232,31973593
2021-05-03,32592225,573718,32018507
2021-05-04,32634952,574560,32060392
2021-05-05,32680747,575373,32105374
2021-05-06,32726692,576169,32150523
2021-05-07,32774857,576925,32197932
2021-05-08,32809821,577564,32232257
2021-05-09,32832560,577827,32254733
2021-05-10,32865356,578229,32287127
2021-05-11,32900636,578909,32321727
2021-05-12,32936597,579676,32356921
2021-05-13,32974480,580418,32394062
2021-05-14,33016062,581049,32435013
2021-05-15,33046543,581574,32464969
2021-05-16,33064175,581842,32482333
2021-05-17,33089706,582244,32507462
2021-05-18,33118724,583024,32535700
2021-05-19,33147768,583678,32564090
2021-05-20,33177773,584363,32593410
2021-05-21,33206438,584963,32621475
2021-05-22,33227355,585451,32641904
2021-05-23,33241143,585658,32655485
2021-05-24,33263301,586095,32677206
2021-05-25,33287107,586733,32700374
2021-05-26,33311458,587719,32723739
2021-05-27,33338004,589069,32748935
2021-05-28,33359920,589604,32770316
2021-05-29,33372894,589931,32782963
2021-05-30,33380100,590079,32790021
2021-05-31,33386450,590261,32796189
2021-06-01,33407543,590904,32816639
2021-06-02,33424134,591469,32832665
2021-06-03,33442103,592098,32850005
2021-06-04,33459616,592614,32867002
2021-06-05,33474773,593200,32881573
2021-06-06,33480669,593369,32887300
2021-06-07,33494855,593676,32901179
2021-06-08,33507654,593983,32913671
2021-06-09,33525855,594458,32931397
2021-06-10,33540372,594860,32945512
2021-06-11,33564876,595386,32969490
2021-06-12,33573697,595655,32978042
2021-06-13,33578726,595767,32982959
2021-06-14,33590631,595953,32994678
2021-06-15,33601274,596276,33004998
2021-06-16,33613028,596660,33016368
2021-06-17,33624550,596959,33027591
2021-06-18,33645536,597558,33047978
2021-06-19,33654425,597728,33056697
2021-06-20,33659354,597808,33061546
2021-06-21,33670082,598069,33072013
2021-06-22,33680852,598410,33082442
2021-06-23,33693342,598796,33094546
2021-06-24,33707537,599139,33108398
2021-06-25,33732046,599667,33132379
2021-06-26,33741091,599827,33141264
2021-06-27,33745753,599903,33145850
2021-06-28,33759518,600062,33159456
2021-06-29,33767049,600390,33166659
2021-06-30,33782328,600689,33181639
2021-07-01,33797254,600972,33196282
2021-07-02,33826850,601409,33225441
2021-07-03,33832136,601494,33230642
2021-07-04,33836407,601534,33234873
2021-07-05,33845572,601654,33243918
2021-07-06,33868140,601958,33266182
2021-07-07,33888279,602285,33285994
2021-07-08,33909163,602536,33306627
2021-07-09,33956137,602999,33353138
2021-07-10,33966179,603077,33363102
2021-07-11,33977947,603196,33374751
2021-07-12,34007608,603428,33404180
2021-07-13,34034113,603783,33430330
2021-07-14,34065233,604107,33461126
2021-07-15,34097165,604462,33492703
2021-07-16,34175196,604915,33570281
2021-07-17,34189267,604987,33584280
2021-07-18,34209651,605083,33604568
2021-07-19,34258864,605281,33653583
2021-07-20,34298789,605568,33693221
2021-07-21,34346643,605932,33740711
2021-07-22,34403070,606220,33796850
2021-07-23,34523851,606772,33917079
2021-07-24,34553246,606908,33946338
2021-07-25,34581900,607012,33974888
2021-07-26,34660438,607262,34053176
2021-07-27,34725589,607719,34117870
2021-07-28,34799159,608099,34191060
2021-07-29,34871515,608418,34263097
2021-07-30,35062671,609303,34453368
2021-07-31,35107407,609480,34497927
2021-08-01,35152821,609715,34543106
2021-08-02,35260295,610087,34650208
2021-08-03,35358374,610673,34747701
2021-08-04,35460779,611222,34849557
2021-08-05,35570383,611749,34958634
2021-08-06,35822342,612880,35209462
2021-08-07,35886269,613151,35273118
2021-08-08,35922003,613291,35308712
2021-08-09,36080394,613812,35466582
2021-08-10,36198715,614634,35584081
2021-08-11,36353209,615443,35737766
2021-08-12,36497055,616474,35880581
2021-08-13,36723767,617536,36106231
2021-08-14,36798003,617815,36180188
2021-08-15,36845902,618029,36227873
2021-08-16,37039224,619076,36420148
2021-08-17,37190454,620103,36570351
2021-08-18,37357714,621307,36736407
2021-08-19,37513090,623088,36890002
2021-08-20,37752093,624543,37127550
2021-08-21,37845682,625120,37220562
2021-08-22,37891098,625343,37265755
2021-08-23,38097264,626678,37470586
2021-08-24,38252487,628114,37624373
2021-08-25,38431642,629663,37801979
2021-08-26,38615433,631881,37983552
2021-08-27,38853779,633630,38220149
2021-08-28,38933864,634284,38299580
2021-08-29,38987094,634608,38352486
2021-08-30,39215012,636323,38578689
2021-08-31,39395093,637765,38757328
2021-09-01,39585480,639812,38945668
2021-09-02,39764660,642866,39121794
2021-09-03,39999775,644805,39354970
2021-09-04,40087145,645465,39441680
2021-09-05,40151888,645892,39505996
2021-09-06,40241925,646513,39595412
2021-09-07,40452009,648608,39803401
2021-09-08,40629633,650906,39978727
2021-09-09,40796340,654131,40142209
2021-09-10,41038030,656586,40381444
2021-09-11,41128605,657428,40471177
2021-09-12,41178225,657812,40520413
2021-09-13,41385908,659965,40725943
2021-09-14,41531517,661887,40869630
2021-09-15,41704730,664619,41040111
2021-09-16,41863382,668107,41195275
2021-09-17,42074012,670569,41403443
2021-09-18,42150325,671572,41478753
2021-09-19,42196356,671980,41524376
2021-09-20,42365737,674288,41691449
2021-09-21,42487616,676730,41810886
2021-09-22,42619247,679419,41939828
2021-09-23,42748323,682726,42065597
2021-09-24,42922892,685212,42237680
2021-09-25,42984807,686064,42298743
2021-09-26,43040464,686657,42353807
2021-09-27,43194365,688910,42505455
2021-09-28,43307575,691427,42616148
2021-09-29,43429455,694065,42735390
2021-09-30,43539602,696889,42842713
2021-10-01,43694434,699021,42995413
2021-10-02,43744230,699899,43044331
2021-10-03,43790469,700438,43090031
2021-10-04,43931033,702370,43228663
2021-10-05,44026591,704254,43322337
2021-10-06,44139340,706915,43432425
2021-10-07,44240448,709384,43531064
2021-10-08,44371009,711190,43659819
2021-10-09,44411389,711644,43699745
2021-10-10,44452408,712134,43740274
2021-10-11,44545260,713318,43831942
2021-10-12,44656257,715599,43940658
2021-10-13,44764574,718784,44045790
2021-10-14,44850758,720975,44129783
2021-10-15,44959510,722797,44236713
2021-10-16,45000900,723396,44277504
2021-10-17,45034091,723875,44310216
2021-10-18,45130721,725642,44405079
2021-10-19,45213351,727570,44485781
2021-10-20,45305584,730761,44574823
2021-10-21,45382916,732782,44650134
2021-10-22,45478815,734656,44744159
2021-10-23,45513146,735231,44777915
2021-10-24,45534117,735514,44798603
2021-10-25,45643590,736970,44906620
2021-10-26,45711256,738578,44972678
2021-10-27,45813723,740630,45073093
2021-10-28,45888281,742490,45145791
2021-10-29,45982999,744224,45238775
2021-10-30,46019338,744626,45274712
2021-10-31,46053369,744886,45308483
2021-11-01,46163209,746135,45417074
2021-11-02,46233302,747442,45485860
2021-11-03,46320017,749426,45570591
2021-11-04,46401249,750627,45650622
2021-11-05,46498339,752745,45745594
2021-11-06,46535633,753255,45782378
2021-11-07,46574625,753490,45821135
2021-11-08,46681955,754690,45927265
2021-11-09,46761953,756138,46005815
2021-11-10,46857087,757827,46099260
2021-11-11,46914763,758730,46156033
2021-11-12,47058884,761178,46297706
2021-11-13,47105077,761779,46343298
2021-11-14,47138979,762010,46376969
2021-11-15,47270036,763287,46506749
2021-11-16,47358017,764606,46593411
2021-11-17,47470423,766265,46704158
2021-11-18,47579006,767600,46811406
2021-11-19,47705277,769361,46935916
2021-11-20,47752533,769836,46982697
2021-11-21,47794062,770086,47023976
2021-11-22,47934958,771332,47163626
2021-11-23,48026680,772683,47253997
2021-11-24,48138252,774382,47363870
2021-11-25,48175309,774870,47400439
2021-11-26,48230002,775259,47454743
2021-11-27,48258469,775597,47482872
2021-11-28,48303592,775875,47527717
2021-11-29,48488745,777789,47710956
2021-11-30,48606350,779427,47826923
2021-12-01,48743353,781422,47961931
2021-12-02,48881266,785362,48095904
2021-12-03,49039264,786973,48252291
2021-12-04,49107072,787674,48319398
2021-12-05,49163634,788088,48375546
2021-12-06,49338553,789514,48549039
2021-12-07,49451022,791026,48659996
2021-12-08,49600401,792849,48807552
2021-12-09,49724336,794397,48929939
2021-12-10,49881752,796150,49085602
2021-12-11,49939494,796774,49142720
2021-12-12,49992891,797146,49195745
2021-12-13,50176145,798535,49377610
2021-12-14,50289495,800046,49489449
2021-12-15,50435110,802278,49632832
2021-12-16,50577301,803547,49773754
2021-12-17,50769810,805411,49964399
2021-12-18,50851492,806092,50045400
2021-12-19,50942411,806412,50135999
2021-12-20,51183574,807959,50375615
2021-12-21,51365848,809873,50555975
2021-12-22,51613702,814058,50799644
2021-12-23,51888091,815463,51072628
2021-12-24,52136359,816153,51320206
2021-12-25,52224674,816396,51408278
2021-12-26,52408195,816768,51591427
2021-12-27,52914266,818614,52095652
2021-12-28,53286726,820895,52465831
2021-12-29,53797747,823250,52974497
2021-12-30,54395695,824737,53570958
2021-12-31,54907738,825468,54082270
2022-01-01,55099969,825870,54274099
2022-01-02,55396212,826329,54569883
2022-01-03,56438999,828234,55610765
2022-01-04,57267809,830557,56437252
2022-01-05,57943588,832782,57110806
2022-01-06,58788193,834879,57953314
2022-01-07,59667187,837319,58829868
2022-01-08,60075862,838192,59237670
2022-01-09,60569276,838813,59730463
2022-01-10,61923784,840861,61082923
2022-01-11,62710005,843380,61866625
2022-01-12,63563873,846231,62717642
2022-01-13,64429169,848792,63580377
2022-01-14,65308319,851588,64456731
2022-01-15,65724621,852597,64872024
2022-01-16,66210719,853363,65357356
2022-01-17,66870965,854402,66016563
2022-01-18,68003833,857136,67146697
2022-01-19,68913678,860621,68053057
2022-01-20,69644560,863551,68781009
2022-01-21,70450301,866932,69583369
2022-01-22,70760261,867964,69892297
2022-01-23,71131181,868706,70262475
2022-01-24,72039933,870881,71169052
2022-01-25,72532192,874038,71658154
2022-01-26,73209293,877900,72331393
2022-01-27,73712581,880520,72832061
2022-01-28,74325227,884607,73440620
2022-01-29,74507900,885821,73622079
2022-01-30,74708911,886310,73822601
2022-01-31,75244223,888905,74355318
2022-02-01,75570659,892252,74678407
2022-02-02,75897756,895867,75001889
2022-02-03,76171380,898353,75273027
2022-02-04,76526119,902482,75623637
2022-02-05,76614539,903411,75711128
2022-02-06,76699561,903881,75795680
2022-02-07,77042151,906747,76135404
2022-02-08,77255967,909748,76346219
2022-02-09,77443119,913083,76530036
2022-02-10,77613484,916336,76697148
2022-02-11,77821654,919044,76902610
2022-02-12,77874448,919870,76954578
2022-02-13,77933644,920454,77013190
2022-02-14,78100844,923630,77177214
2022-02-15,78211227,926228,77284999
2022-02-16,78325034,929413,77395621
2022-02-17,78426302,932360,77493942
2022-02-18,78570189,934862,77635327
2022-02-19,78602347,935550,77666797
2022-02-20,78625889,935998,77689891
2022-02-21,78705534,936900,77768634
2022-02-22,78794717,939072,77855645
2022-02-23,78878763,942164,77936599
2022-02-24,78945291,945120,78000171
2022-02-25,79018933,947201,78071732
2022-02-26,79066775,947965,78118810
2022-02-27,79085308,948192,78137116
2022-02-28,79182072,950322,78231750
2022-03-01,79228526,952086,78276440
2022-03-02,79281550,954185,78327365
2022-03-03,79330037,955892,78374145
2022-03-04,79388536,957631,78430905
2022-03-05,79403803,957941,78445862
2022-03-06,79416427,958156,78458271
2022-03-07,79469905,959834,78510071
2022-03-08,79499241,961251,78537990
2022-03-09,79536136,963275,78572861
2022-03-10,79581803,965037,78616766
2022-03-11,79630563,966698,78663865
2022-03-12,79641081,966978,78674103
2022-03-13,79652389,967174,78685215
2022-03-14,79686659,968469,78718190
2022-03-15,79710172,969549,78740623
2022-03-16,79761407,971397,78790010
2022-03-17,79813432,972891,78840541
2022-03-18,79845064,973940,78871124
2022-03-19,79856186,974226,78881960
2022-03-20,79867851,974314,78893537
2022-03-21,79908896,975365,78933531
2022-03-22,79930125,976139,78953986
2022-03-23,79970024,977779,78992245
2022-03-24,80012075,978646,79033429
2022-03-25,80056490,979491,79076999
2022-03-26,80066185,979641,79086544
2022-03-27,80078221,979702,79098519
2022-03-28,80115933,980722,79135211
2022-03-29,80138992,981483,79157509
2022-03-30,80177109,982627,79194482
2022-03-31,80221659,983142,79238517
2022-04-01,80252822,983972,79268850
2022-04-02,80264902,984131,79280771
2022-04-03,80269916,984191,79285725
2022-04-04,80308034,984776,79323258
2022-04-05,80333004,985286,79347718
2022-04-06,80372934,986388,79386546
2022-04-07,80422607,987245,79435362
2022-04-08,80495785,987861,79507924
2022-04-09,80508841,988030,79520811
2022-04-10,80518648,988060,79530588
2022-04-11,80556762,988386,79568376
2022-04-12,80591984,988986,79602998
2022-04-13,80642046,990117,79651929
2022-04-14,80695905,990656,79705249
2022-04-15,80730374,991096,79739278
2022-04-16,80743193,991150,79752043
2022-04-17,80751116,991162,79759954
2022-04-18,80810667,991401,79819266
2022-04-19,80849167,991855,79857312
2022-04-20,80916941,992727,79924214
2022-04-21,80977423,993140,79984283
2022-04-22,81065998,993650,80072348
2022-04-23,81086701,993718,80092983
2022-04-24,81100684,993750,80106934
2022-04-25,81168488,994013,80174475
2022-04-26,81213378,994335,80219043
2022-04-27,81303190,995120,80308070
2022-04-28,81380164,995548,80384616
2022-04-29,81441418,995954,80445464
2022-04-30,81466515,996086,80470429
2022-05-01,81483878,996109,80487769
2022-05-02,81577751,996404,80581347
2022-05-03,81627417,996857,80630560
2022-05-04,81739767,998794,80740973
2022-05-05,81827980,999094,80828886
2022-05-06,81957032,999452,80957580
2022-05-07,81986083,999663,80986420
2022-05-08,81992696,999693,80993003
2022-05-09,82121875,999943,81121932
2022-05-10,82192395,1000269,81192126
2022-05-11,82353418,1000942,81352476
2022-05-12,82458758,1001255,81457503
2022-05-13,82546019,1001456,81544563
2022-05-14,82564507,1001522,81562985
2022-05-15,82597636,1001559,81596077
2022-05-16,82774560,1001802,81772758
2022-05-17,82859886,1002197,81857689
2022-05-18,83063720,1003147,82060573
2022-05-19,83199269,1003504,82195765
2022-05-20,83348050,1003903,82344147
2022-05-21,83376204,1003998,82372206
2022-05-22,83397052,1004042,82393010
2022-05-23,83538581,1004289,82534292
2022-05-24,83622443,1004633,82617810
2022-05-25,83833181,1005711,82827470
2022-05-26,83968711,1006078,82962633
2022-05-27,84076542,1006602,83069940
2022-05-28,84090814,1006649,83084165
2022-05-29,84097941,1006668,83091273
2022-05-30,84160453,1006710,83153743
2022-05-31,84327623,1007077,83320546
2022-06-01,84556346,1007741,83548605
2022-06-02,84678666,1008082,83670584
2022-06-03,84835652,1008454,83827198
2022-06-04,84863797,1008638,83855159
2022-06-05,84880180,1008672,83871508
2022-06-06,85040000,1008951,84031049
2022-06-07,85126635,1009432,84117203
2022-06-08,85325235,1010606,84314629
2022-06-09,85457174,1010927,84446247
2022-06-10,85563335,1011287,84552048
2022-06-11,85598730,1011404,84587326
2022-06-12,85616604,1011434,84605170
2022-06-13,85768172,1011705,84756467
2022-06-14,85858349,1012089,84846260
2022-06-15,86043237,1012785,85030452
2022-06-16,86173269,1013234,85160035
2022-06-17,86312081,1013551,85298530
2022-06-18,86329874,1013594,85316280
2022-06-19,86348026,1013648,85334378
2022-06-20,86444069,1013720,85430349
2022-06-21,86555254,1014196,85541058
2022-06-22,86740614,1015038,85725576
2022-06-23,86879321,1015431,85863890
2022-06-24,86996527,1015863,85980664
2022-06-25,87037642,1016028,86021614
2022-06-26,87060105,1016050,86044055
2022-06-27,87220041,1016347,86203694
2022-06-28,87317851,1016924,86300927
2022-06-29,87507744,1017630,86490114
2022-06-30,87675497,1017377,86658120
2022-07-01,87832335,1017872,86814463
2022-07-02,87852914,1017929,86834985
2022-07-03,87861573,1017937,86843636
2022-07-04,87938030,1018017,86920013
2022-07-05,88079445,1018479,87060966
2022-07-06,88279848,1019225,87260623
2022-07-07,88418909,1020315,87398594
2022-07-08,88556616,1020798,87535818
2022-07-09,88585917,1020897,87565020
2022-07-10,88610685,1020929,87589756
2022-07-11,88811559,1021386,87790173
2022-07-12,88959760,1021965,87937795
2022-07-13,89164076,1022921,88141155
2022-07-14,89339527,1023316,88316211
2022-07-15,89492720,1023808,88468912
2022-07-16,89532172,1023880,88508292
2022-07-17,89562008,1023934,88538074
2022-07-18,89726854,1024368,88702486
2022-07-19,89844049,1025002,88819047
2022-07-20,90060452,1025888,89034564
2022-07-21,90236212,1026400,89209812
2022-07-22,90367616,1026948,89340668
2022-07-23,90394217,1027050,89367167
2022-07-24,90417708,1027082,89390626
2022-07-25,90607567,1027505,89580062
2022-07-26,90739662,1028057,89711605
2022-07-27,90979439,1028991,89950448
2022-07-28,91156816,1029420,90127396
2022-07-29,91316052,1030024,90286028
2022-07-30,91332279,1030075,90302204
2022-07-31,91345500,1030088,90315412
2022-08-01,91515311,1030654,90484657
2022-08-02,91606246,1031173,90575073
2022-08-03,91806645,1032217,90774428
2022-08-04,91993968,1032881,90961087
2022-08-05,92100085,1033568,91066517
2022-08-06,92115225,1033641,91081584
2022-08-07,92127962,1033673,91094289
2022-08-08,92283156,1034167,91248989
2022-08-09,92382916,1034816,91348100
2022-08-10,92579399,1035729,91543670
2022-08-11,92742377,1036318,91706059
2022-08-12,92839032,1036933,91802099
2022-08-13,92922848,1037019,91885829
2022-08-14,92932669,1037036,91895633
2022-08-15,93055367,1037498,92017869
2022-08-16,93147144,1038018,92109126
2022-08-17,93284016,1039085,92244931
2022-08-18,93433144,1039734,92393410
2022-08-19,93510693,1040298,92470395
2022-08-20,93521907,1040373,92481534
2022-08-21,93531782,1040399,92491383
2022-08-22,93660731,1040905,92619826
2022-08-23,93760016,1041521,92718495
2022-08-24,93911704,1042451,92869253
2022-08-25,94051364,1043101,93008263
2022-08-26,94172441,1043771,93128670
2022-08-27,94184363,1043843,93140520
2022-08-28,94192955,1043863,93149092
2022-08-29,94299131,1044338,93254793
2022-08-30,94374765,1044749,93330016
2022-08-31,94528939,1046240,93482699
2022-09-01,94659168,1046956,93612212
2022-09-02,94723808,1047407,93676401
2022-09-03,94735296,1047475,93687821
2022-09-04,94742779,1047489,93695290
2022-09-05,94776454,1047578,93728876
2022-09-06,94888901,1048183,93840718
2022-09-07,95012873,1048962,93963911
2022-09-08,95120095,1049673,94070422
2022-09-09,95220855,1050179,94170676
2022-09-10,95231015,1050261,94180754
2022-09-11,95240059,1050282,94189777
2022-09-12,95309449,1050733,94258716
2022-09-13,95389122,1051261,94337861
2022-09-14,95492323,1052202,94440121
2022-09-15,95575960,1052896,94523064
2022-09-16,95632196,1053302,94578894
2022-09-17,95640767,1053361,94587406
2022-09-18,95646258,1053385,94592873
2022-09-19,95701949,1053774,94648175
2022-09-20,95771211,1054223,94716988
2022-09-21,95869575,1055189,94814386
2022-09-22,95950646,1055879,94894767
2022-09-23,96033930,1056276,94977654
2022-09-24,96043688,1056358,94987330
2022-09-25,96050433,1056376,94994057
2022-09-26,96095985,1056741,95039244
2022-09-27,96157033,1057193,95099840
2022-09-28,96243578,1058461,95185117
2022-09-29,96328114,1059187,95268927
2022-09-30,96361678,1059507,95302171
2022-10-01,96369724,1059542,95310182
2022-10-02,96375608,1059560,95316048
2022-10-03,96417095,1059851,95357244
2022-10-04,96472453,1060356,95412097
2022-10-05,96543831,1061382,95482449
2022-10-06,96604796,1062009,95542787
2022-10-07,96663130,1062409,95600721
2022-10-08,96670971,1062461,95608510
2022-10-09,96676610,1062473,95614137
2022-10-10,96699681,1062608,95637073
2022-10-11,96760525,1063218,95697307
2022-10-12,96825225,1063988,95761237
2022-10-13,96888844,1064579,95824265
2022-10-14,96915918,1064910,95851008
2022-10-15,96922004,1064952,95857052
2022-10-16,96928820,1064963,95863857
2022-10-17,96967772,1065300,95902472
2022-10-18,97011435,1065737,95945698
2022-10-19,97072134,1066447,96005687
2022-10-20,97129565,1067052,96062513
2022-10-21,97175689,1067633,96108056
2022-10-22,97181178,1067656,96113522
2022-10-23,97189814,1067668,96122146
2022-10-24,97229198,1067877,96161321
2022-10-25,97273000,1068312,96204688
2022-10-26,97344540,1069412,96275128
2022-10-27,97403880,1070006,96333874
2022-10-28,97434321,1070198,96364123
2022-10-29,97443447,1070235,96373212
2022-10-30,97446879,1070244,96376635
2022-10-31,97491846,1070376,96421470
2022-11-01,97540814,1070821,96469993
2022-11-02,97614852,1071544,96543308
2022-11-03,97685695,1072189,96613506
2022-11-04,97724406,1072544,96651862
2022-11-05,97729710,1072577,96657133
2022-11-06,97737841,1072597,96665244
2022-11-07,97778514,1072731,96705783
2022-11-08,97809969,1072952,96737017
2022-11-09,97907293,1073860,96833433
2022-11-10,97973635,1074452,96899183
2022-11-11,97986819,1074508,96912311
2022-11-12,97992088,1074513,96917575
2022-11-13,97994731,1074526,96920205
2022-11-14,98045142,1074780,96970362
2022-11-15,98105019,1075182,97029837
2022-11-16,98189764,1075982,97113782
2022-11-17,98243862,1076510,97167352
2022-11-18,98299460,1077020,97222440
2022-11-19,98304478,1077043,97227435
2022-11-20,98308425,1077063,97231362
2022-11-21,98352945,1077274,97275671
2022-11-22,98409266,1077840,97331426
2022-11-23,98522698,1078826,97443872
2022-11-24,98539023,1079015,97460008
2022-11-25,98561352,1079169,97482183
2022-11-26,98564651,1079183,97485468
2022-11-27,98570599,1079196,97491403
2022-11-28,98632925,1079494,97553431
2022-11-29,98700385,1079906,97620479
2022-11-30,98813400,1080466,97732934
2022-12-01,98904029,1081153,97822876
2022-12-02,98968415,1081465,97886950
2022-12-03,98975552,1081494,97894058
2022-12-04,98981119,1081505,97899614
2022-12-05,99038945,1081728,97957217
2022-12-06,99133959,1082333,98051626
2022-12-07,99279412,1083338,98196074
2022-12-08,99378688,1084230,98294458
2022-12-09,99415297,1084429,98330868
2022-12-10,99422565,1084462,98338103
2022-12-11,99428962,1084473,98344489
2022-12-12,99488642,1084701,98403941
2022-12-13,99582454,1085296,98497158
2022-12-14,99731156,1086179,98644977
2022-12-15,99843780,1087000,98756780
2022-12-16,99898835,1087425,98811410
2022-12-17,99905916,1087451,98818465
2022-12-18,99911987,1087473,98824514
2022-12-19,99972811,1087755,98885056
2022-12-20,100054789,1088341,98966448
2022-12-21,100236957,1089383,99147574
2022-12-22,100333145,1089979,99243166
2022-12-23,100372381,1090186,99282195
2022-12-24,100378903,1090208,99288695
2022-12-25,100382117,1090223,99291894
2022-12-26,100394549,1090252,99304297
2022-12-27,100505484,1090608,99414876
2022-12-28,100618828,1091598,99527230
2022-12-29,100722818,1092522,99630296
2022-12-30,100757296,1092738,99664558
2022-12-31,100765248,1092764,99672484
2023-01-01,100769543,1092779,99676764
2023-01-02,100777853,1092801,99685052
2023-01-03,100890152,1093208,99796944
2023-01-04,101088268,1094493,99993775
2023-01-05,101196118,1095335,100100783
2023-01-06,101261306,1095789,100165517
2023-01-07,101267161,1095815,100171346
2023-01-08,101272871,1095832,100177039
2023-01-09,101315882,1096132,100219750
2023-01-10,101399167,1097024,100302143
2023-01-11,101538785,1098854,100439931
2023-01-12,101603765,1099574,100504191
2023-01-13,101637080,1099954,100537126
2023-01-14,101642365,1100006,100542359
2023-01-15,101645683,1100023,100545660
2023-01-16,101653200,1100068,100553132
2023-01-17,101734455,1100812,100633643
2023-01-18,101863085,1102393,100760692
2023-01-19,101954273,1103712,100850561
2023-01-20,101991792,1104154,100887638
2023-01-21,101996920,1104178,100892742
2023-01-22,102000208,1104191,100896017
2023-01-23,102031261,1104505,100926756
2023-01-24,102086995,1105308,100981687
2023-01-25,102189303,1106676,101082627
2023-01-26,102253419,1107559,101145860
2023-01-27,102270340,1107661,101162679
2023-01-28,102274935,1107676,101167259
2023-01-29,102278427,1107690,101170737
2023-01-30,102307558,1107918,101199640
2023-01-31,102362900,1108688,101254212
2023-02-01,102479408,1109996,101369412
2023-02-02,102561083,1111159,101449924
2023-02-03,102599955,1111679,101488276
2023-02-04,102604151,1111696,101492455
2023-02-05,102607114,1111698,101495416
2023-02-06,102631614,1111890,101519724
2023-02-07,102677253,1112362,101564891
2023-02-08,102760926,1113429,101647497
2023-02-09,102842908,1114385,101728523
2023-02-10,102855101,1114492,101740609
2023-02-11,102859510,1114529,101744981
2023-02-12,102862879,1114537,101748342
2023-02-13,102886005,1114709,101771296
2023-02-14,102934224,1115160,101819064
2023-02-15,103023231,1115741,101907490
2023-02-16,103083910,1116851,101967059
2023-02-17,103131898,1117572,102014326
2023-02-18,103134605,1117589,102017016
2023-02-19,103136077,1117590,102018487
2023-02-20,103138119,1117663,102020456
2023-02-21,103198669,1118025,102080644
2023-02-22,103308832,1118886,102189946
2023-02-23,103365511,1119521,102245990
2023-02-24,103378408,1119573,102258835
2023-02-25,103381157,1119587,102261570
2023-02-26,103382763,1119588,102263175
2023-02-27,103399827,1119582,102280245
2023-02-28,103443455,1119917,102323538
2023-03-01,103533872,1120897,102412975
2023-03-02,103589757,1121658,102468099
2023-03-03,103648690,1122165,102526525
2023-03-04,103650837,1122172,102528665
2023-03-05,103646975,1122134,102524841
2023-03-06,103655539,1122181,102533358
2023-03-07,103690910,1122516,102568394
2023-03-08,103755771,1123246,102632525
2023-03-09,103802702,1123836,102678866
